"brandname","submission number","ingredient","manufacturer","Reason for submission"
"Advil Liqui-Gels, Advil Extra Strength Liqui-Gels, Advil Arthritis Pain",203343,"ibuprofen","Pfizer Consumer Healthcare a Division of Pfizer Canada Inc","Warning and Precautions,Drug interactions,Consumer information"
"Alertec",204661,"modafinil","Teva Canada Limited","Consumer information"
"Atripla",203336,"efavirenz, emtricitabine, tenofovir disoproxil fumarate","Bristol-Myers Squibb and Gilead Sciences Llc","Warning and Precautions,Adverse reactions,Drug interactions,Consumer information"
"Ceftin",203522,"cefuroxime axetil","Glaxosmithkline Inc","Warning and Precautions,Consumer information"
"Complera",202304,"emtricitabine, tenofovir disoproxil fumarate, rilpivirine hydrochloride","Gilead Sciences Canada Inc","Warning and Precautions,Drug interactions,Consumer information"
"Concerta",204252,"methylphenidate HCl","Janssen Inc","Warning and Precautions,Adverse reactions,Drug interactions,Consumer information"
"Cosmegen",203989,"dactinomycin","Recordati Rare Diseases Inc","Adverse reactions,Consumer information"
"Cotellic",196612,"cobimetinib fumarate","Hoffmann La Roche Limited","Warning and Precautions,Serious warnings,Adverse reactions,Dosage administration,Consumer information"
"Cubicin RF",196316,"daptomycin","Cubist Pharmaceuticals Llc","Warning and Precautions,Dosage administration,Consumer information"
"Cyclomen",204093,"danazol","Sanofi-Aventis Canada Inc","Contra_indications,Warning and Precautions,Adverse reactions,Consumer information"
"Dilantin",203300,"phenytoin sodium","Pfizer Canada Inc","Adverse reactions,Drug interactions"
"Dilantin Infatabs, Dilantin - 125 Suspension, Dilantin - 30 Suspension",203299,"phenytoin","Pfizer Canada Inc","Adverse reactions,Drug interactions"
"Dotarem",204205,"gadoterate meglumine","Guerbet","Warning and Precautions,Dosage administration,Consumer information"
"Erythrocin I.V.",198603,"erythromycin lactobionate","Amdipharm Limited","Warning and Precautions"
"Esbriet",197464,"pirfenidone","Hoffmann La Roche Limited","Warning and Precautions,Drug interactions,Consumer information"
"Fucidin H Cream",202375,"fusidic acid, hydrocortisone acetate","Leo Pharma Inc","Contra_indications,Warning and Precautions,Adverse reactions,Overdosage,Consumer information"
"Giotrif",196631,"afatinib","Boehringer Ingelheim (Canada) Ltd Ltee","Adverse reactions,Dosage administration,Consumer information"
"HP-Pac",204712,"amoxicillin, clarithromycin, lansoprazole","Takeda Pharmaceuticals America Inc","Warning and Precautions,Adverse reactions,Drug interactions,Consumer information"
"Juxtapid",204338,"lomitapide mesylate","Aegerion Pharmaceuticals Canada Ltd","Adverse reactions,Consumer information"
"LIPITOR (Updated March 2017)",200017,"atorvastatin calcium","Pfizer Canada Inc","Warning and Precautions"
"Lioresal",203795,"baclofen","Novartis Pharmaceuticals Canada Inc","Warning and Precautions,Adverse reactions,Consumer information"
"Lioresal Intrathecal",203841,"baclofen","Novartis Pharmaceuticals Canada Inc","Warning and Precautions,Adverse reactions,Consumer information"
"Luvox",203845,"fluvoxamine maleate","BGP Pharma Ulc","Warning and Precautions,Drug interactions,Consumer information"
"Lynparza",197364,"olaparib","Astrazeneca Canada Inc","Warning and Precautions,Drug interactions,Dosage administration,Consumer information"
"Merrem",204438,"meropenem trihydrate","Astrazeneca Canada Inc","Warning and Precautions,Adverse reactions,Consumer information"
"Nitrolingual Pumpspray",203587,"nitroglycerin","Sanofi-Aventis Canada Inc","Contra_indications,Warning and Precautions,Drug interactions,Consumer information"
"Ofev",202904,"nintedanib","Boehringer Ingelheim (Canada) Ltd Ltee","Warning and Precautions,Adverse reactions,Consumer information"
"Omniscan",204203,"gadodiamide","GE Healthcare Canada Inc","Warning and Precautions,Dosage administration,Consumer information"
"Onreltea",202300,"brimonidine tartrate","Galderma Canada Inc","Warning and Precautions,Adverse reactions,Dosage administration,Overdosage,Consumer information"
"Optimark",204201,"gadoversetamide","Liebel-Flarsheim Canada Inc","Warning and Precautions,Dosage administration,Consumer information"
"Oxyneo",204127,"oxycodone HCl","Purdue Pharma","Contra_indications,Warning and Precautions,Adverse reactions,Drug interactions,Consumer information"
"Pariet",205390,"rabeprazole sodium","Janssen Inc","Warning and Precautions,Adverse reactions,Consumer information"
"Prevacid, Prevacid Fastab",204711,"lansoprazole","Takeda Pharmaceuticals America Inc","Warning and Precautions,Adverse reactions,Drug interactions"
"Remeron",203500,"mirtazapine","Merck Canada Inc","Consumer information"
"Remeron RD",203509,"mirtazapine","Merck Canada Inc","Consumer information"
"Remodulin",203551,"treprostinil","United Therapeutics Corporation","Warning and Precautions,Adverse reactions,Drug interactions,Dosage administration,Overdosage,Consumer information"
"Ritalin, Ritalin SR",203594,"methylphenidate HCl","Novartis Pharmaceuticals Canada Inc","Warning and Precautions,Drug interactions,Consumer information"
"Sebivo",203639,"telbivudine","Novartis Pharmaceuticals Canada Inc","Warning and Precautions,Consumer information"
"Stribild",202429,"emtricitabine, tenofovir disoproxil fumarate, elvitegravir, cobicistat","Gilead Sciences Canada Inc","Warning and Precautions,Drug interactions,Consumer information"
"Tafinlar",202556,"dabrafenib","Novartis Pharmaceuticals Canada Inc","Warning and Precautions,Drug interactions,Consumer information"
"Tarka",203599,"verapamil HCl, trandolapril","BGP Pharma Ulc","Contra_indications,Warning and Precautions,Drug interactions,Consumer information"
"Taxotere",203975,"docetaxel","Sanofi-Aventis Canada Inc","Warning and Precautions,Adverse reactions,Consumer information"
"Temodal",204940,"temozolomide","Merck Canada Inc","Warning and Precautions,Adverse reactions,Consumer information"
"Trileptal",204016,"oxcarbazepine","Novartis Pharmaceuticals Canada Inc","Contra_indications,Drug interactions,Consumer information"
"Videx EC",203691,"didanosine","Bristol-Myers Squibb Canada","Warning and Precautions,Consumer information"
"Xtandi",204169,"enzalutamide","Astellas Pharma Canada Inc","Warning and Precautions,Adverse reactions,Dosage administration,Consumer information"
"Zepatier",204225,"grazoprevir, elbasvir","Merck Canada Inc","Drug interactions,Consumer information"
"3TC",202946,"Lamivudine","ViiV Healthcare ULC","Contra_indications,Drug interactions,Consumer information"
"Actonel, Actonel DR",200428,"Risedronate Sodium","Warner Chilcott Canada Co","Warning and Precautions,Consumer information"
"Advil Tablets, Advil Caplets, Advil Gel Caplets, Advil Extra Strength  Caplets, Advil Muscle and Joint, Advil 12 Hour",203345,"Ibuprofen","Pfizer Consumer Healthcare A Division of Pfizer Canada Inc","Consumer information"
"Afinitor, Afinitor Disperz",202080,"Everolimus","Novartis Pharmaceuticals Canada Inc","Warning and Precautions,Dosage administration,Consumer information"
"Aleve, Aleve Liquid Gels, Aleve Back And Body Pain",203003,"Naproxen Sodium","Bayer Inc Consumer Care","Warning and Precautions,Drug interactions,Consumer information"
"Antizol",203100,"Fomepizole","Paladin Labs Inc","Warning and Precautions,Adverse reactions"
"Apo-Norflox",202159,"Norfloxacin","Apotex Inc","Warning and Precautions,Serious warnings,Consumer information"
"Arthrotec 50, Arthrotec 75",202618,"Diclofenac Sodium, Misoprostol","Pfizer Canada Inc","Warning and Precautions,Serious warnings,Adverse reactions"
"Avalide",203641,"Hydrochlorothiazide, Irbesartan","Sanofi-Aventis Canada Inc","Warning and Precautions,Adverse reactions"
"Avelox, Avelox I.V.",202157,"Moxifloxacin","Bayer Inc","Warning and Precautions,Serious warnings,Consumer information"
"Biltricide",201666,"Praziquantel","Bayer Inc","Drug interactions,Consumer information"
"Buscopan",202547,"Hyoscine Butylbromide","Boehringer Ingelheim (Canada) Ltd Ltee","Warning and Precautions"
"Bydureon",204999,"Exenatide","AstraZeneca Canada Inc","Consumer information"
"Caduet",203042,"Amlodipine Besylate, Atorvastatin Calcium","Pfizer Canada Inc","Contra_indications,Warning and Precautions"
"Cancidas",202368,"Caspofungin Acetate","Merck Canada Inc","Warning and Precautions,Consumer information"
"Caprelsa",201914,"Vandetanib","Sanofi Genzyme, A Division of Sanofi-Aventis Canada Inc","Adverse reactions,Consumer information"
"Celebrex",202594,"Celecoxib","Pfizer Canada Inc","Warning and Precautions,Serious warnings,Adverse reactions,Consumer information"
"Cipro XL",202154,"Ciprofloxacin","Bayer Inc","Warning and Precautions,Serious warnings,Consumer information"
"Cipro XL",202739,"Ciprofloxacin Hydrochloride","Bayer Inc","Contra_indications,Warning and Precautions,Drug interactions,Dosage administration,Consumer information"
"Cipro, Cipro Oral Suspension",202151,"Ciprofloxacin","Bayer Inc","Warning and Precautions,Serious warnings,Consumer information"
"Cipro, Cipro Oral Suspension",202735,"Ciprofloxacin Hydrochloride","Bayer Inc","Contra_indications,Warning and Precautions,Drug interactions,Dosage administration,Consumer information"
"Coated Daily Low Dose ASA 81 mg",203112,"Acetylsalicylic Acid","Apotex Inc","Consumer information"
"Combivir",202851,"Zidovudine, Lamivudine","ViiV Healthcare ULC","Contra_indications,Drug interactions,Consumer information"
"Cytovene",201511,"Ganciclovir","Hoffmann-La Roche Limited","Warning and Precautions,Adverse reactions,Drug interactions,Overdosage,Consumer information"
"Daklinza",202374,"Daclatasvir","Bristol-Myers Squibb Canada","Warning and Precautions,Serious warnings,Consumer information"
"Dalacin C",202619,"Clindamycin HCl","Pfizer Canada Inc","Drug interactions,Dosage administration,Consumer information"
"Dalacin C Flavoured Granules",202622,"Clindamycin 2-Palmitate HCl","Pfizer Canada Inc","Drug interactions,Dosage administration,Consumer information"
"Dalacin C Phosphate",202620,"Clindamycin Phosphate","Pfizer Canada Inc","Drug interactions,Dosage administration,Consumer information"
"Descovy",197995,"Emtricitabine, Tenofovir Alafenamide Hemifumarate","Gilead Sciences Canada Inc","Warning and Precautions,Adverse reactions,Drug interactions,Dosage administration,Consumer information"
"Diflucan One",201295,"Fluconazole","Pfizer Consumer Healthcare A Division of Pfizer Canada Inc","Consumer information"
"Duaklir Genuair",202738,"Formoterol Fumarate Dihydrate, Aclidinium Bromide","AstraZeneca Canada Inc","Adverse reactions,Consumer information"
"Dymista",202447,"Fluticasone Propionate, Azelastine Hydrochloride","Meda Pharmaceuticals Ltd","Warning and Precautions,Dosage administration,Consumer information"
"Epclusa",202377,"Sofosbuvir, Velpatasvir","Gilead Sciences Canada Inc","Warning and Precautions,Serious warnings,Consumer information"
"Epuris",201026,"Isotretinoin","Cipher Pharmaceuticals Inc","Adverse reactions,Consumer information"
"Evotaz",203191,"Atazanavir Sulfate, Cobicistat","Bristol-Myers Squibb Canada","Contra_indications,Warning and Precautions,Adverse reactions,Drug interactions,Consumer information"
"Faslodex",200400,"Fulvestrant","Astrazeneca Canada Inc","Dosage administration,Consumer information"
"Fosamax",200426,"Alendronate Sodium","Merck Canada Inc","Warning and Precautions,Consumer information"
"Fosavance",200427,"Vitamin D3, Alendronic Acid","Merck Canada Inc","Warning and Precautions,Consumer information"
"Gadovist 1.0",202823,"Gadobutrol","Bayer Inc","Warning and Precautions,Dosage administration,Consumer information"
"Genvoya",195789,"Emtricitabine, Elvitegravir, Cobicistat, Tenofovir Alafenamide Hemifumarate","Gilead Sciences Canada Inc","Contra_indications,Warning and Precautions,Adverse reactions,Drug interactions,Dosage administration,Overdosage,Consumer information"
"Glyxambi",202749,"Linagliptin, Empagliflozin","Boehringer Ingelheim (Canada) Ltd Ltee","Warning and Precautions,Adverse reactions,Consumer information"
"Harvoni",199607,"Ledipasvir, Sofosbuvir","Gilead Sciences Canada Inc","Warning and Precautions,Adverse reactions,Dosage administration,Consumer information"
"Harvoni",202334,"Ledipasvir, Sofosbuvir","Gilead Sciences Canada Inc","Warning and Precautions,Serious warnings,Consumer information"
"Heptovir",203510,"Lamivudine","Glaxosmithkline Inc","Contra_indications,Drug interactions,Consumer information"
"Ibrance",195948,"Palbociclib","Pfizer Canada Inc","Warning and Precautions,Adverse reactions,Drug interactions,Dosage administration,Consumer information"
"Imovane",202617,"Zopiclone","Sanofi-Aventis Canada Inc","Warning and Precautions,Serious warnings,Adverse reactions,Drug interactions,Consumer information"
"Intelence",196519,"Etravirine","Janssen Inc","Warning and Precautions,Drug interactions,Dosage administration,Consumer information"
"Intralipid 10%, Intralipid 20%, Intralipid 30%",203141,"Soybean Oil","Fresenius Kabi Canada Ltd","Consumer information"
"Jurnista",203425,"Hydromorphone HCl","Janssen Inc","Warning and Precautions,Drug interactions,Consumer information"
"Kalydeco",195308,"Ivacaftor","Vertex Pharmaceuticals (Canada) Incorporated","Warning and Precautions,Dosage administration,Consumer information"
"Kivexa",202845,"Lamivudine, Abacavir Sulfate","ViiV Healthcare ULC","Contra_indications,Drug interactions,Consumer information"
"Magnevist",202873,"Gadopentetate Dimeglumine","Bayer Inc","Warning and Precautions,Dosage administration,Consumer information"
"Mekinist",199382,"Trametinib","Novartis Pharmaceuticals Canada Inc","Warning and Precautions,Serious warnings,Adverse reactions,Dosage administration,Overdosage,Consumer information"
"Men's Rogaine Foam 5%",194149,"Minoxidil","Johnson & Johnson Inc","Consumer information"
"Metronidazole 5 mg/mL Injection",202113,"Metronidazole","Baxter Corporation","Warning and Precautions,Adverse reactions,Drug interactions,Dosage administration,Overdosage,Consumer information"
"MS Contin",202457,"Morphine Sulfate","Purdue Pharma","Contra_indications,Warning and Precautions,Adverse reactions,Overdosage"
"Multihance",202826,"Gadobenate Dimeglumine","Bracco Imaging Canada","Warning and Precautions,Dosage administration,Consumer information"
"Norvasc",202935,"Amlodipine Besylate","Pfizer Canada Inc","Contra_indications,Warning and Precautions,Consumer information"
"Nuvaring",204315,"Ethinyl Estradiol, Etonogestrel","Merck Canada Inc","Warning and Precautions,Drug interactions,Dosage administration,Consumer information"
"Oxyneo",195400,"Oxycodone HCl","Purdue Pharma","Warning and Precautions"
"Plaquenil",202211,"Hydroxychloroquine Sulfate","Sanofi-Aventis Canada Inc","Warning and Precautions,Drug interactions,Dosage administration,Consumer information"
"Precedex",202530,"Dexmedetomidine HCl","Hospira Healthcare Corporation","Dosage administration"
"Primovist",202821,"Gadoxetate Disodium","Bayer Inc","Warning and Precautions,Dosage administration,Consumer information"
"Prohance",202827,"Gadoteridol","Bracco Imaging Canada","Warning and Precautions,Dosage administration,Consumer information"
"Revolade",192586,"Eltrombopag Olamine","Novartis Pharmaceuticals Canada Inc","Warning and Precautions,Adverse reactions"
"Revolade",195798,"Eltrombopag Olamine","Novartis Pharmaceuticals Canada Inc","Warning and Precautions,Adverse reactions,Consumer information"
"Revolade",202335,"Eltrombopag Olamine","Novartis Pharmaceuticals Canada Inc","Adverse reactions,Consumer information"
"Reyataz",203194,"Atazanavir","Bristol-Myers Squibb Canada","Contra_indications,Warning and Precautions,Adverse reactions,Drug interactions,Consumer information"
"Sovaldi",202358,"Sofosbuvir","Gilead Sciences Canada Inc","Warning and Precautions,Serious warnings,Consumer information"
"Suboxone",203547,"Buprenorphine Hydrochloride, Naloxone Hydrochloride Dihydrate","Indivior UK Limited","Warning and Precautions,Serious warnings,Dosage administration,Consumer information"
"Sustiva",202776,"Efavirenz","Bristol-Myers Squibb Canada","Warning and Precautions,Adverse reactions,Drug interactions,Consumer information"
"Tafinlar",199381,"Dabrafenib","Novartis Pharmaceuticals Canada Inc","Warning and Precautions,Serious warnings,Adverse reactions,Dosage administration,Overdosage,Consumer information"
"Targin",202525,"Naloxone HCl, Oxycodone HCl","Purdue Pharma","Contra_indications,Warning and Precautions,Adverse reactions,Drug interactions,Consumer information"
"Technivie",195504,"Ritonavir, Paritaprevir, Ombitasvir","Abbvie Corporation","Warning and Precautions,Adverse reactions,Dosage administration,Consumer information"
"Teva-Levofloxacin",202153,"Levofloxacin","Teva Canada Limited","Warning and Precautions,Serious warnings,Consumer information"
"Triquilar 28",202824,"Ethinyl Estradiol, Levonorgestrel","Bayer Inc","Consumer information"
"Triumeq",202867,"Lamivudine, Abacavir Sulfate, Dolutegravir Sodium","ViiV Healthcare ULC","Contra_indications,Drug interactions,Consumer information"
"Trizivir",202849,"Zidovudine, Lamivudine, Abacavir Sulfate","ViiV Healthcare ULC","Contra_indications,Drug interactions,Consumer information"
"Truvada",201806,"Emtricitabine, Tenofovir Disoproxil Fumarate","Gilead Sciences Canada Inc","Warning and Precautions,Adverse reactions,Drug interactions,Dosage administration,Consumer information"
"Tudorza Genuair",202742,"Aclidinium Bromide","AstraZeneca Canada Inc","Adverse reactions,Consumer information"
"Uniphyl",203028,"Theophylline","Purdue Pharma","Contra_indications,Warning and Precautions,Adverse reactions,Drug interactions,Overdosage,Consumer information"
"Viread",201858,"Tenofovir Disoproxil Fumarate","Gilead Sciences Canada Inc","Warning and Precautions,Drug interactions,Dosage administration,Consumer information"
"Zepatier",202393,"Grazoprevir, Elbasvir","Merck Canada Inc","Warning and Precautions,Serious warnings,Consumer information"
"Zestoretic",202913,"Hydrochlorothiazide, Lisinopril Dihydrate","AstraZeneca Canada Inc","Contra_indications,Warning and Precautions,Adverse reactions,Drug interactions,Consumer information"
"Zestril",202914,"Lisinopril Dihydrate","AstraZeneca Canada Inc","Contra_indications,Warning and Precautions,Adverse reactions,Drug interactions,Consumer information"
"Zytram XL",202562,"Tramadol HCl","Purdue Pharma","Adverse reactions"
"Aclasta",200432,"zoledronic acid","Novartis Pharmaceuticals Canada Inc","Warning and Precautions,Adverse reactions,Consumer information"
"Act Etidrocal",201597,"calcium carbonate, etidronate disodium","Actavis Pharma Company","Warning and Precautions,Consumer information"
"Act Etidronate",201916,"etidronate disodium","Actavis Pharma Company","Warning and Precautions,Consumer information"
"Aspirin 81 mg, Aspirin 81 mg Quick Chews, Aspirin Regular Strength",202259,"acetylsalicylic acid","Bayer Inc Consumer Care","Warning and Precautions,Drug interactions,Consumer information"
"Banzel",194343,"rufinamide","Eisai Limited","Warning and Precautions,Adverse reactions,Consumer information"
"Biphentin",201555,"methylphenidate HCl","Purdue Pharma","Warning and Precautions,Adverse reactions,Drug interactions,Dosage administration,Overdosage,Consumer information"
"Caduet",201169,"amlodipine besylate, atorvastatin calcium","Pfizer Canada Inc","Warning and Precautions,Adverse reactions"
"Cardura",201486,"doxazosin mesylate","Pfizer Canada Inc","Warning and Precautions"
"Depo-Medrol, Depo-Medrol (with preservative)",202516,"methylprednisolone acetate","Pfizer Canada Inc","Dosage administration"
"Duodopa",201985,"levodopa, carbidopa monohydrate","Abbvie Corporation","Adverse reactions"
"Duragesic",202716,"fentanyl","Janssen Inc","Warning and Precautions,Drug interactions,Consumer information"
"Eltroxin",201136,"levothyroxine sodium","Aspen Pharma Trading Limited","Contra_indications,Warning and Precautions,Serious warnings,Adverse reactions,Drug interactions,Dosage administration,Overdosage,Consumer information"
"Emend IV",201642,"fosaprepitant dimeglumine","Merck Canada Inc","Warning and Precautions,Adverse reactions,Consumer information"
"Erivedge",194933,"vismodegib","Hoffmann La Roche Limited","Warning and Precautions,Consumer information"
"Galexos",201947,"simeprevir","Janssen Inc","Warning and Precautions,Serious warnings,Consumer information"
"Inspiolto Respimat",196472,"tiotropium, olodaterol hydrochloride","Boehringer Ingelheim (Canada) Ltd Ltee","Consumer information"
"Invokana",194762,"canagliflozin","Janssen Inc","Adverse reactions,Consumer information"
"Jevtana",202244,"cabazitaxel","Sanofi-Aventis Canada Inc","Warning and Precautions,Adverse reactions,Consumer information"
"Metvix",180975,"methyl aminolevulinate hydrochloride","Galderma Canada Inc","Warning and Precautions,Serious warnings,Adverse reactions,Dosage administration,Consumer information"
"Mezavant",201889,"mesalazine","Shire Pharma Canada Ulc","Adverse reactions,Consumer information"
"Multihance",188279,"gadobenate dimeglumine","Bracco Imaging Canada","Warning and Precautions,Adverse reactions,Dosage administration,Consumer information"
"Norvir",201368,"ritonavir","Abbvie Corporation","Contra_indications,Warning and Precautions,Adverse reactions,Drug interactions,Consumer information"
"Ofev",194900,"nintedanib","Boehringer Ingelheim (Canada) Ltd Ltee","Warning and Precautions,Adverse reactions,Drug interactions,Dosage administration,Consumer information"
"Orkambi",198036,"ivacaftor, lumacaftor","Vertex Pharmaceuticals (Canada) Incorporated","Warning and Precautions,Adverse reactions,Drug interactions,Dosage administration,Consumer information"
"Pentasa",201731,"mesalazine","Ferring Inc","Contra_indications,Warning and Precautions,Adverse reactions,Drug interactions,Consumer information"
"Pomalyst",194902,"pomalidomide","Celgene Inc","Warning and Precautions,Drug interactions,Dosage administration,Consumer information"
"Precedex",199357,"dexmedetomidine HCl","Hospira Healthcare Corporation","Warning and Precautions,Adverse reactions"
"Prezcobix",201611,"darunavir ethanolate, cobicistat","Janssen Inc","Contra_indications,Drug interactions,Consumer information"
"Prezista",201621,"darunavir ethanolate","Janssen Inc","Contra_indications,Drug interactions,Consumer information"
"Requip",202058,"ropinirole hydrochloride","Glaxosmithkline Inc","Warning and Precautions"
"Solu-Medrol, Solu-Medrol Act-O-Vials",202492,"methylprednisolone sodium succinate","Pfizer Canada Inc","Drug interactions,Consumer information"
"Tobramycin Injection, Tobramycin for Injection",203072,"tobramycin","Fresenius Kabi Canada Ltd","Consumer information"
"Tramacet",201748,"acetaminophen, tramadol HCl","Janssen Inc","Warning and Precautions,Adverse reactions,Drug interactions,Overdosage,Consumer information"
"Uptravi",201926,"selexipag","Actelion Pharmaceuticals Ltd","Warning and Precautions,Drug interactions"
"Valcyte",201550,"valganciclovir hydrochloride","Hoffmann La Roche Limited","Contra_indications,Warning and Precautions,Adverse reactions,Drug interactions,Overdosage,Consumer information"
"Viacoram",201871,"perindopril arginine, amlodipine","Servier Canada Inc","Contra_indications,Warning and Precautions,Adverse reactions,Drug interactions,Consumer information"
"Yondelis",202008,"trabectedin","Janssen Inc","Warning and Precautions,Adverse reactions"
"Zevtera",201602,"ceftobiprole medocaril","Basilea Pharmaceutica International Ag","Warning and Precautions,Consumer information"
"Zoloft",201862,"sertraline HCl","Pfizer Canada Inc","Adverse reactions"
"Zometa",200447,"zoledronic acid","Novartis Pharmaceuticals Canada Inc","Warning and Precautions,Consumer information"
"Accupril",200979,"quinapril HCl","Pfizer Canada Inc","Contra_indications,Warning and Precautions,Drug interactions,Consumer information"
"Accuretic",201238,"hydrochlorothiazide, quinapril HCl","Pfizer Canada Inc","Contra_indications,Warning and Precautions,Drug interactions,Consumer information"
"Aclasta",201491,"zoledronic acid","Novartis Pharmaceuticals Canada Inc","Adverse reactions,Consumer information"
"Agrylin",200919,"anagrelide hydrochloride monohydrate","Shire Pharma Canada Ulc","Warning and Precautions,Adverse reactions,Drug interactions,Consumer information"
"Airomir",200916,"salbutamol sulfate","Valeant Canada Lp Valeant Canada S.E.C.","Warning and Precautions,Adverse reactions,Dosage administration,Consumer information"
"Aptiom",201472,"eslicarbazepine acetate","Sunovion Pharmaceuticals Canada Inc","Warning and Precautions,Adverse reactions,Consumer information"
"Bonefos",200438,"clodronate disodium","Bayer Inc","Warning and Precautions,Consumer information"
"Busulfex",200963,"busulfan","Otsuka Pharmaceutical Co Ltd","Dosage administration"
"Champix",193081,"varenicline tartrate","Pfizer Canada Inc","Warning and Precautions,Serious warnings,Adverse reactions,Drug interactions,Dosage administration,Consumer information"
"Clasteon",200437,"clodronate disodium","Sunovion Pharmaceuticals Canada Inc","Warning and Precautions,Consumer information"
"Coumadin",200502,"warfarin sodium","Bristol-Myers Squibb Canada","Contra_indications,Warning and Precautions,Adverse reactions,Dosage administration,Overdosage"
"Coversyl",201008,"perindopril erbumine","Servier Canada Inc","Contra_indications,Warning and Precautions,Adverse reactions,Drug interactions,Consumer information"
"Coversyl Plus Ld, Coversyl Plus, Coversyl Plus Hd",201004,"perindopril erbumine, indapamide","Servier Canada Inc","Contra_indications,Warning and Precautions,Adverse reactions,Drug interactions,Consumer information"
"Crestor",200016,"rosuvastatin calcium","Astrazeneca Canada Inc","Warning and Precautions"
"Cyclen",201124,"ethinyl estradiol, norgestimate","Janssen Inc","Contra_indications,Warning and Precautions,Adverse reactions,Drug interactions,Consumer information"
"Diane-35",201157,"ethinyl estradiol, cyproterone acetate","Bayer Inc","Contra_indications,Warning and Precautions,Drug interactions,Consumer information"
"Diflucan",200992,"fluconazole","Pfizer Canada Inc","Contra_indications,Warning and Precautions,Consumer information"
"Faslodex",200701,"fulvestrant","Astrazeneca Canada Inc","Warning and Precautions,Adverse reactions,Consumer information"
"Gelnique",198933,"oxybutynin chloride","Allergan Pharma Co.","Contra_indications,Warning and Precautions,Adverse reactions,Drug interactions,Consumer information"
"Holkira Pak",201441,"ritonavir, paritaprevir, ombitasvir, dasabuvir","Abbvie Corporation","Contra_indications,Warning and Precautions,Serious warnings,Drug interactions,Dosage administration,Consumer information"
"Incruse Ellipta",200693,"umeclidinium bromide","Glaxosmithkline Inc","Adverse reactions,Consumer information"
"Jakavi",198757,"ruxolitinib phosphate","Novartis Pharmaceuticals Canada Inc","Warning and Precautions,Serious warnings,Adverse reactions,Consumer information"
"Janumet, Janumet Xr",201792,"metformin HCl, sitagliptin phosphate monohydrate","Merck Canada Inc","Warning and Precautions,Adverse reactions,Consumer information"
"Januvia",201760,"sitagliptin phosphate monohydrate","Merck Canada Inc","Warning and Precautions,Adverse reactions,Consumer information"
"Kaletra",201359,"ritonavir, lopinavir","Abbvie Corporation","Contra_indications,Drug interactions,Dosage administration,Consumer information"
"Narcan Nasal Spray",202248,"naloxone HCl","Adapt Pharma Operations Limited","Consumer information"
"Nidagel",200861,"metronidazole","Valeant Canada Lp Valeant Canada S.E.C.","Warning and Precautions,Adverse reactions,Overdosage,Consumer information"
"Nozinan",200878,"methotrimeprazine HCl","Sanofi-Aventis Canada Inc","Warning and Precautions,Consumer information"
"Nuvaring",200891,"ethinyl estradiol, etonogestrel","Merck Canada Inc","Drug interactions,Dosage administration,Consumer information"
"Ortho 0.5/35",201106,"ethinyl estradiol, norethindrone","Janssen Inc","Contra_indications,Warning and Precautions,Drug interactions,Consumer information"
"Ortho 1/35",201117,"ethinyl estradiol, norethindrone","Janssen Inc","Contra_indications,Warning and Precautions,Drug interactions,Consumer information"
"Ortho 7/7/7",201105,"ethinyl estradiol, norethindrone","Janssen Inc","Contra_indications,Warning and Precautions,Drug interactions,Consumer information"
"Pentamidine Isetionate for Injection, Bp",200751,"pentamidine isetionate","Hospira Healthcare Corporation","Consumer information"
"Pravachol",200020,"pravastatin sodium","Bristol-Myers Squibb Canada","Warning and Precautions"
"Prezista",201394,"darunavir ethanolate","Janssen Inc","Consumer information"
"Primaquine",196046,"primaquine phosphate","Sanofi-Aventis Canada Inc","Warning and Precautions,Dosage administration"
"Renagel",200994,"sevelamer hydrochloride","Sanofi-Aventis Canada Inc","Drug interactions,Consumer information"
"Renvela",200973,"sevelamer carbonate","Sanofi-Aventis Canada Inc","Drug interactions,Consumer information"
"Revolade",188969,"eltrombopag olamine","Novartis Pharmaceuticals Canada Inc","Warning and Precautions,Serious warnings,Adverse reactions,Drug interactions,Dosage administration,Consumer information"
"Rifadin",200835,"rifampin","Sanofi-Aventis Canada Inc","Warning and Precautions,Adverse reactions,Consumer information"
"Seroquel, Seroquel Xr",200543,"quetiapine fumarate","Astrazeneca Canada Inc","Warning and Precautions,Consumer information"
"Signifor",193942,"pasireotide","Novartis Pharmaceuticals Canada Inc","Warning and Precautions,Dosage administration,Consumer information"
"Stribild",200747,"emtricitabine, tenofovir disoproxil fumarate, elvitegravir, cobicistat","Gilead Sciences Canada Inc","Drug interactions,Consumer information"
"Tarceva",194018,"erlotinib hydrochloride","Hoffmann La Roche Limited","Warning and Precautions,Adverse reactions,Consumer information"
"Technivie",201487,"ritonavir, paritaprevir, ombitasvir","Abbvie Corporation","Contra_indications,Warning and Precautions,Serious warnings,Drug interactions,Dosage administration,Consumer information"
"Tiazac",201438,"diltiazem HCl","Valeant Canada Lp Valeant Canada S.E.C.","Contra_indications,Warning and Precautions,Adverse reactions,Drug interactions,Overdosage,Consumer information"
"Tiazac Xc",202119,"diltiazem HCl","Valeant Canada Lp Valeant Canada S.E.C.","Contra_indications,Warning and Precautions,Adverse reactions,Drug interactions,Overdosage,Consumer information"
"Tri-Cyclen",201126,"ethinyl estradiol, norgestimate","Janssen Inc","Contra_indications,Warning and Precautions,Adverse reactions,Drug interactions,Consumer information"
"Tri-Cyclen Lo",201134,"ethinyl estradiol, norgestimate","Janssen Inc","Contra_indications,Warning and Precautions,Adverse reactions,Drug interactions,Consumer information"
"Wellbutrin Sr",200957,"bupropion HCl","Valeant Canada Lp Valeant Canada S.E.C.","Warning and Precautions,Adverse reactions,Consumer information"
"Wellbutrin Xl",200959,"bupropion HCl","Valeant Canada Lp Valeant Canada S.E.C.","Warning and Precautions,Adverse reactions,Consumer information"
"Xatral",200961,"alfuzosin HCl","Sanofi-Aventis Canada Inc","Warning and Precautions,Adverse reactions,Overdosage,Consumer information"
"Yasmin 21, Yasmin 28",200941,"ethinyl estradiol, drospirenone","Bayer Inc","Contra_indications,Warning and Precautions,Drug interactions,Overdosage,Consumer information"
"Yasmin Plus",200982,"ethinyl estradiol, drospirenone, levomefolate calcium","Bayer Inc","Contra_indications,Warning and Precautions,Drug interactions,Overdosage,Consumer information"
"Yaz",200938,"ethinyl estradiol, drospirenone","Bayer Inc","Contra_indications,Warning and Precautions,Drug interactions,Overdosage,Consumer information"
"Yaz Plus",201007,"ethinyl estradiol, drospirenone, levomefolate calcium","Bayer Inc","Contra_indications,Warning and Precautions,Drug interactions,Overdosage,Consumer information"
"Zepatier",201181,"grazoprevir, elbasvir","Merck Canada Inc","Contra_indications,Warning and Precautions,Drug interactions,Consumer information"
"Zeulide Depot",180093,"leuprolide acetate","Pendopharm Division of Pharmascience Inc","Warning and Precautions,Adverse reactions,Dosage administration,Consumer information"
"Zocor",200021,"simvastatin","Merck Canada Inc","Warning and Precautions,Adverse reactions"
"Zyban",200951,"bupropion HCl","Valeant Canada Lp Valeant Canada S.E.C.","Warning and Precautions,Adverse reactions,Consumer information"
"Abilify",199169,"Aripiprazole","Bristol-Myers Squibb Canada","Warning and Precautions,Adverse reactions,Consumer information"
"Anoro Ellipta",198790,"Umeclidinium Bromide, Vilanterol Trifenatate","Glaxosmithkline Inc","Adverse reactions,Consumer information"
"Apo-ASA LD",200347,"Acetylsalicylic Acid","Apotex Inc","Contra_indications,Warning and Precautions,Adverse reactions,Drug interactions,Consumer information"
"Aubagio",200227,"Teriflunomide","Sanofi Genzyme, A Division of Sanofi-Aventis Canada Inc","Warning and Precautions,Adverse reactions,Consumer information"
"Bosulif",200815,"Bosutinib","Pfizer Canada Inc","Warning and Precautions,Consumer information"
"Clavulin",196916,"Amoxicillin, Clavulanic Acid","Glaxosmithkline Inc","Warning and Precautions,Dosage administration,Overdosage,Consumer information"
"Complera",199560,"Emtricitabine, Tenofovir Disoproxil Fumarate, Rilpivirine Hydrochloride","Gilead Sciences Canada Inc","Warning and Precautions,Consumer information"
"Copaxone",200357,"Glatiramer Acetate","Teva Canada Limited","Adverse reactions"
"Cotellic",199785,"Cobimetinib","Hoffmann-La Roche Limited","Warning and Precautions,Adverse reactions,Dosage administration,Consumer information"
"Evra",200474,"Ethinyl Estradiol, Norelgestromin","Janssen Inc","Contra_indications,Warning and Precautions,Drug interactions,Consumer information"
"Flagyl",200299,"Metronidazole","Sanofi-Aventis Canada Inc","Warning and Precautions,Adverse reactions,Consumer information"
"Flagystatin",200324,"Metronidazole, Nystatin","Sanofi-Aventis Canada Inc","Warning and Precautions,Adverse reactions,Consumer information"
"Harvoni",193140,"Ledipasvir, Sofosbuvir","Gilead Sciences Canada Inc","Warning and Precautions,Adverse reactions,Drug interactions,Dosage administration,Consumer information"
"Heptovir",200536,"Lamivudine","Glaxosmithkline Inc","Warning and Precautions,Consumer information"
"Holkira Pak",192833,"Ritonavir, Paritaprevir, Ombitasvir, Dasabuvir","AbbVie Corporation","Contra_indications,Warning and Precautions,Drug interactions,Consumer information"
"Iclusig",199527,"Ponatinib Hydrochloride","Ariad Pharmaceuticals Inc","Warning and Precautions,Adverse reactions,Consumer information"
"Imbruvica",192718,"Ibrutinib","Janssen Inc","Warning and Precautions,Adverse reactions,Dosage administration,Consumer information"
"Invokamet",199731,"Metformin HCl, Canagliflozin","Janssen Inc","Warning and Precautions,Serious warnings,Adverse reactions,Consumer information"
"Jevtana",194950,"Cabazitaxel","Sanofi-Aventis Canada Inc","Warning and Precautions,Dosage administration"
"Levothyroxine Sodium for Injection",197889,"Levothyroxine Sodium","Fresenius Kabi Canada Ltd","Contra_indications,Warning and Precautions,Adverse reactions,Drug interactions,Dosage administration,Overdosage,Consumer information"
"Lupron Depot",193372,"Leuprolide Acetate","AbbVie Corporation","Consumer information"
"Lysodren",200001,"Mitotane","Bristol-Myers Squibb Canada","Warning and Precautions,Adverse reactions"
"Micardis Plus",200158,"Hydrochlorothiazide, Telmisartan","Boehringer Ingelheim (Canada) Ltd Ltee","Adverse reactions,Consumer information"
"Oesclim",199389,"Estradiol","Searchlight Pharma Inc","Consumer information"
"Oxytrol",198930,"Oxybutynin","Allergan Pharma Co.","Contra_indications,Warning and Precautions,Adverse reactions,Drug interactions"
"Prefesta",199390,"Estradiol, Norgestimate","Searchlight Pharma Inc","Consumer information"
"Pristiq",200419,"Desvenlafaxine Succinate","Pfizer Canada Inc","Adverse reactions,Consumer information"
"Rapamune",200932,"Sirolimus","Pfizer Canada Inc","Warning and Precautions,Adverse reactions"
"Reminyl ER",200217,"Galantamine Hydrobromide","Janssen Inc","Warning and Precautions,Adverse reactions"
"Revlimid",200591,"Lenalidomide","Celgene Inc","Warning and Precautions,Adverse reactions,Dosage administration,Consumer information"
"Tamiflu",199480,"Oseltamivir Phosphate","Hoffmann-La Roche Limited","Consumer information"
"Tecfidera",198810,"Dimethyl Fumarate","Biogen Canada Inc","Warning and Precautions,Adverse reactions"
"Technivie",192844,"Ritonavir, Paritaprevir, Ombitasvir","AbbVie Corporation","Contra_indications,Warning and Precautions,Drug interactions,Consumer information"
"Tivicay",192462,"Dolutegravir Sodium","ViiV Healthcare ULC","Contra_indications,Warning and Precautions,Adverse reactions,Dosage administration,Consumer information"
"Treanda",199858,"Bendamustine Hydrochloride","Lundbeck Canada Inc","Warning and Precautions,Serious warnings,Adverse reactions,Consumer information"
"Triquilar 21, Triquilar 28",200226,"Ethinyl Estradiol, Levonorgestrel","Bayer Inc","Contra_indications,Warning and Precautions,Drug interactions,Overdosage,Consumer information"
"Tybost",200692,"Cobicistat","Gilead Sciences Canada Inc","Drug interactions,Consumer information"
"Tykerb",199954,"Lapatinib Ditosylate Monohydrate","Novartis Pharmaceuticals Canada Inc","Warning and Precautions,Adverse reactions,Consumer information"
"Videx EC",197051,"Didanosine","Bristol-Myers Squibb Canada","Contra_indications,Warning and Precautions,Serious warnings,Adverse reactions,Drug interactions,Dosage administration,Overdosage,Consumer information"
"Vimpat",193732,"Lacosamide","UCB Canada Inc","Contra_indications,Warning and Precautions,Adverse reactions,Drug interactions,Dosage administration,Overdosage,Consumer information"
"Advair, Advair Diskus",199754,"fluticasone propionate, salmeterol xinafoate","GlaxoSmithKline Inc","Consumer information"
"Allegra-D",200316,"pseudoephedrine HCl, fexofenadine HCl","Sanofi-Aventis Canada Inc","Contra_indications,Serious warnings,Adverse reactions,Dosage administration,Consumer information"
"Allopurinol",198729,"allopurinol","Apotex Inc","Warning and Precautions,Adverse reactions,Consumer information"
"Apo-Bisoprolol",197881,"bisoprolol fumarate","Apotex Inc","Consumer information"
"Butorphanol Nasal Spray",196224,"butorphanol tartrate","Aa Pharma Inc","Contra_indications,Warning and Precautions,Serious warnings,Adverse reactions,Drug interactions,Dosage administration,Overdosage,Consumer information"
"Depakene",200975,"valproic acid","BGP Pharma Ulc","Adverse reactions,Drug interactions,Consumer information"
"Docetaxel Injection Usp",199491,"docetaxel","Hospira Healthcare Corporation","Adverse reactions,Drug interactions,Dosage administration,Overdosage,Consumer information"
"Epival",201016,"divalproex sodium","BGP Pharma Ulc","Adverse reactions,Drug interactions,Consumer information"
"Esbriet",199306,"pirfenidone","Hoffmann La Roche Limited","Warning and Precautions,Dosage administration,Consumer information"
"Gleevec",199774,"imatinib","Novartis Pharmaceuticals Canada Inc","Adverse reactions,Consumer information"
"Imbruvica",199713,"ibrutinib","Janssen Inc","Adverse reactions,Consumer information"
"Invokamet",198711,"metformin HCl, canagliflozin","Janssen Inc","Warning and Precautions,Adverse reactions,Consumer information"
"Invokana",198712,"canagliflozin","Janssen Inc","Warning and Precautions,Adverse reactions,Consumer information"
"Jadenu",194474,"deferasirox","Novartis Pharmaceuticals Canada Inc","Warning and Precautions,Drug interactions,Consumer information"
"Jardiance",198914,"empagliflozin","Boehringer Ingelheim (Canada) Ltd Ltee","Adverse reactions"
"Lipidil Ez",198956,"fenofibrate","BGP Pharma Ulc","Warning and Precautions,Adverse reactions,Drug interactions,Dosage administration,Consumer information"
"Lipidil Supra",198973,"fenofibrate","BGP Pharma Ulc","Warning and Precautions,Adverse reactions,Drug interactions,Dosage administration,Consumer information"
"Marvelon 21, Marvelon 28",199319,"desogestrel, ethinyl estradiol","Merck Canada Inc","Contra_indications,Warning and Precautions,Drug interactions,Consumer information"
"Nersione",200095,"diflucortolone valerate","GlaxoSmithKline Inc","Warning and Precautions,Adverse reactions,Drug interactions,Dosage administration,Overdosage,Consumer information"
"Nuvaring",199249,"ethinyl estradiol, etonogestrel","Merck Canada Inc","Contra_indications,Warning and Precautions,Drug interactions,Consumer information"
"Prevacid, Prevacid Fastab",200287,"lansoprazole","Takeda Pharmaceuticals America Inc","Warning and Precautions,Serious warnings,Drug interactions,Consumer information"
"Rupall",199706,"rupatadine fumarate","Pediapharm Inc","Contra_indications,Warning and Precautions,Serious warnings,Adverse reactions,Drug interactions,Dosage administration,Overdosage,Consumer information"
"Sunvepra",199423,"asunaprevir","Bristol-Myers Squibb Canada","Contra_indications,Warning and Precautions,Serious warnings,Dosage administration,Consumer information"
"Synjardy",199955,"metformin HCl, empagliflozin","Boehringer Ingelheim (Canada) Ltd Ltee","Warning and Precautions,Serious warnings,Adverse reactions,Consumer information"
"Telzir",198633,"fosamprenavir","Viiv Healthcare Ulc","Warning and Precautions,Adverse reactions,Consumer information"
"Tramacet",196229,"acetaminophen, tramadol HCl","Janssen Inc","Contra_indications,Warning and Precautions,Serious warnings,Adverse reactions,Drug interactions,Dosage administration,Overdosage,Consumer information"
"Ultram",196230,"tramadol HCl","Janssen Inc","Contra_indications,Warning and Precautions,Serious warnings,Adverse reactions,Drug interactions,Dosage administration,Overdosage,Consumer information"
"Zelboraf",192354,"vemurafenib","Hoffmann La Roche Limited","Adverse reactions"
"Zyloprim",198730,"allopurinol","Aa Pharma Inc","Warning and Precautions,Adverse reactions,Consumer information"
"3TC",197792,"lamivudine","Viiv Healthcare Ulc","Warning and Precautions,Adverse reactions,Drug interactions,Consumer information"
"Abilify Maintena",198294,"aripiprazole","Otsuka Pharmaceutical Co Ltd","Warning and Precautions,Adverse reactions,Consumer information"
"Adempas",198385,"riociguat","Bayer Inc","Warning and Precautions,Drug interactions,Consumer information"
"Amaryl",198596,"glimepiride","Sanofi-Aventis Canada Inc","Adverse reactions,Consumer information"
"Amiodarone Hydrochloride For Injection, Amiodarone Syringe",198348,"amiodarone HCl","Sandoz Canada Incorporated","Warning and Precautions"
"Arcosyl Plus, Arcosyl Plus Ld",197114,"indapamide, perindopril arginine","Servier Canada Inc","Warning and Precautions,Consumer information"
"Atripla",198437,"efavirenz, emtricitabine, tenofovir disoproxil fumarate","Bristol-Myers Squibb And Gilead Sciences Llc","Warning and Precautions,Consumer information"
"Burinex",199138,"bumetanide","Leo Pharma Inc","Warning and Precautions"
"Caprelsa",198802,"vandetanib","Sanofi Genzyme, A Division Of Sanofi-Aventis Canada Inc","Consumer information"
"Caripul",197550,"epoprostenol sodium","Actelion Pharmaceuticals Canada Inc","Adverse reactions"
"Clindamycin IV Infusion",197403,"clindamycin phosphate","Sandoz Canada Incorporated","Warning and Precautions,Adverse reactions,Dosage administration,Overdosage,Consumer information"
"Combivir",197907,"zidovudine, lamivudine","Viiv Healthcare Ulc","Warning and Precautions,Adverse reactions,Drug interactions,Consumer information"
"Depo-Provera",198801,"medroxyprogesterone acetate","Pfizer Canada Inc","Contra_indications,Warning and Precautions,Serious warnings,Adverse reactions,Drug interactions,Dosage administration,Consumer information"
"Dexilant",197719,"dexlansoprazole","Takeda Canada Inc","Warning and Precautions,Serious warnings,Drug interactions,Consumer information"
"Duratocin",190823,"carbetocin","Ferring Inc","Contra_indications,Warning and Precautions,Adverse reactions,Drug interactions,Overdosage,Consumer information"
"Durela",196227,"tramadol HCl","Cipher Pharmaceuticals Inc","Contra_indications,Warning and Precautions,Serious warnings,Adverse reactions,Drug interactions,Dosage administration,Overdosage,Consumer information"
"Exjade",191351,"deferasirox","Novartis Pharmaceuticals Canada Inc","Warning and Precautions,Drug interactions,Consumer information"
"Ferrlecit",195781,"sodium ferric gluconate complex in sucrose injection","Sanofi-Aventis Canada Inc","Dosage administration"
"Forxiga",198838,"dapagliflozin","Astrazeneca Canada Inc","Adverse reactions,Consumer information"
"Fycompa",194525,"perampanel","Eisai Limited","Warning and Precautions,Drug interactions,Dosage administration,Consumer information"
"Genvoya",198272,"emtricitabine, elvitegravir, cobicistat, tenofovir alafenamide hemifumarate","Gilead Sciences Canada Inc","Warning and Precautions,Drug interactions,Consumer information"
"Gilenya",198247,"fingolimod hydrochloride","Novartis Pharmaceuticals Canada Inc","Warning and Precautions"
"Hp-Pac",197727,"amoxicillin, clarithromycin, lansoprazole","Takeda Pharmaceuticals America Inc","Warning and Precautions,Serious warnings,Drug interactions,Consumer information"
"Imodium Calming Liquid, Imodium Caplets, Imodium Liqui-Gels, Imodium Quick Dissolve",198609,"loperamide HCl","Mcneil Consumer Healthcare Division Of Johnson & Johnson Inc","Warning and Precautions,Adverse reactions,Overdosage,Consumer information"
"Imodium Complete Caplets, Imodium Complete Chewable Tablets",198510,"loperamide HCl, simethicone","Mcneil Consumer Healthcare Division Of Johnson & Johnson Inc","Serious warnings,Adverse reactions,Overdosage,Consumer information"
"Istodax",199398,"romidepsin","Celgene Inc","Dosage administration,Consumer information"
"Jentadueto",198478,"metformin HCl, linagliptin","Boehringer Ingelheim (Canada) Ltd Ltee","Warning and Precautions,Adverse reactions,Consumer information"
"Kivexa",197786,"lamivudine, abacavir sulfate","Viiv Healthcare Ulc","Warning and Precautions,Adverse reactions,Drug interactions,Dosage administration,Consumer information"
"Kyprolis",194999,"carfilzomib","Amgen Canada Inc","Dosage administration,Consumer information"
"Lotensin",197116,"benazepril HCl","Novartis Pharmaceuticals Canada Inc","Warning and Precautions,Drug interactions"
"Lyrica",198215,"pregabalin","Pfizer Canada Inc","Overdosage"
"Mekinist",197849,"trametinib","Novartis Pharmaceuticals Canada Inc","Warning and Precautions,Adverse reactions,Drug interactions,Dosage administration,Consumer information"
"Methotrexate",198792,"methotrexate sodium","Pfizer Canada Inc","Adverse reactions,Drug interactions"
"Movantik",198089,"naloxegol oxalate","Astrazeneca Canada Inc","Warning and Precautions,Adverse reactions,Drug interactions,Dosage administration,Consumer information"
"Neurontin",198809,"gabapentin","Pfizer Canada Inc","Warning and Precautions,Adverse reactions,Consumer information"
"Olmetec",198091,"olmesartan  medoxomil","Merck Canada Inc","Warning and Precautions,Consumer information"
"Olmetec Plus",198164,"hydrochlorothiazide, olmesartan  medoxomil","Merck Canada Inc","Warning and Precautions,Consumer information"
"Panto IV",197721,"pantoprazole sodium sesquihydrate","Takeda Canada Inc","Warning and Precautions,Serious warnings,Drug interactions,Consumer information"
"Pantoloc",197723,"pantoprazole","Takeda Canada Inc","Warning and Precautions,Serious warnings,Drug interactions,Consumer information"
"Pariet",197710,"rabeprazole","Janssen Inc","Warning and Precautions,Serious warnings,Drug interactions,Consumer information"
"Plavix",199386,"clopidogrel bisulfate","Sanofi-Aventis Canada Inc","Adverse reactions,Consumer information"
"Ralivia",196236,"tramadol HCl","Valeant Canada Lp Valeant Canada S.E.C.","Contra_indications,Warning and Precautions,Serious warnings,Adverse reactions,Drug interactions,Dosage administration,Overdosage,Consumer information"
"Remeron",197879,"mirtazapine","Merck Canada Inc","Adverse reactions,Consumer information"
"Remeron Rd",197936,"mirtazapine","Merck Canada Inc","Adverse reactions,Consumer information"
"Retrovir (Azt)",197908,"zidovudine","Viiv Healthcare Ulc","Warning and Precautions,Adverse reactions,Consumer information"
"Revlimid",190743,"lenalidomide","Celgene Inc","Warning and Precautions,Serious warnings,Adverse reactions,Dosage administration,Consumer information"
"Serophene",189606,"clomiphene citrate","Emd Serono Z Division Of Emd Inc Canada","Contra_indications,Warning and Precautions,Adverse reactions,Overdosage"
"Sonovue",189455,"sulfur hexafluoride","Bracco Imaging Canada","Contra_indications,Warning and Precautions,Serious warnings,Adverse reactions,Consumer information"
"Suboxone",195433,"buprenorphine hydrochloride, naloxone hydrochloride dihydrate","Indivior Uk Limited","Contra_indications,Warning and Precautions,Serious warnings,Adverse reactions,Drug interactions,Dosage administration,Overdosage,Consumer information"
"Tafinlar",197867,"dabrafenib","Novartis Pharmaceuticals Canada Inc","Warning and Precautions,Adverse reactions,Drug interactions,Dosage administration,Consumer information"
"Tecta",197724,"pantoprazole magnesium","Takeda Canada Inc","Warning and Precautions,Serious warnings,Drug interactions,Consumer information"
"Topamax",198204,"topiramate","Janssen Inc","Warning and Precautions,Adverse reactions,Drug interactions,Consumer information"
"Torisel",199380,"temsirolimus","Pfizer Canada Inc","Warning and Precautions,Drug interactions,Consumer information"
"Trajenta",198479,"linagliptin","Boehringer Ingelheim (Canada) Ltd Ltee","Warning and Precautions,Adverse reactions,Consumer information"
"Tridural",196232,"tramadol HCl","Paladin Labs Inc","Contra_indications,Warning and Precautions,Serious warnings,Adverse reactions,Drug interactions,Dosage administration,Overdosage,Consumer information"
"Triumeq",197843,"lamivudine, abacavir sulfate, dolutegravir sodium","Viiv Healthcare Ulc","Warning and Precautions,Adverse reactions,Drug interactions,Consumer information"
"Trizivir",197841,"zidovudine, lamivudine, abacavir sulfate","Viiv Healthcare Ulc","Warning and Precautions,Adverse reactions,Drug interactions,Consumer information"
"Ultibro Breezhaler",198299,"glycopyrronium bromide, indacaterol maleate","Novartis Pharmaceuticals Canada Inc","Adverse reactions,Drug interactions,Overdosage,Consumer information"
"Viacoram",198962,"perindopril arginine, amlodipine","Servier Canada Inc","Adverse reactions,Drug interactions,Dosage administration,Consumer information"
"Vimpat",198678,"lacosamide","Ucb Canada Inc","Warning and Precautions,Adverse reactions,Overdosage,Consumer information"
"Votrient",198325,"pazopanib","Novartis Pharmaceuticals Canada Inc","Warning and Precautions,Adverse reactions,Consumer information"
"Xalkori",198487,"crizotinib","Pfizer Canada Inc","Adverse reactions,Consumer information"
"Xigduo",198902,"metformin HCl, dapagliflozin","Astrazeneca Canada Inc","Adverse reactions,Consumer information"
"Ziagen",197787,"abacavir sulfate","Viiv Healthcare Ulc","Warning and Precautions,Adverse reactions,Drug interactions,Consumer information"
"Zocor",197663,"simvastatin","Merck Canada Inc","Warning and Precautions,Drug interactions,Dosage administration,Consumer information"
"Zocor",199039,"simvastatin","Merck Canada Inc","Contra_indications,Dosage administration,Consumer information"
"Zyprexa, Zyprexa Zydis, Zyprexa Intramuscular",198327,"olanzapine, olanzapine tartrate","Eli Lilly Canada Inc","Warning and Precautions,Adverse reactions,Consumer information"
"Zytram XL",196235,"tramadol HCl","Purdue Pharma","Contra_indications,Warning and Precautions,Serious warnings,Adverse reactions,Drug interactions,Dosage administration,Overdosage,Consumer information"
"Accutane Roche",198170,"isotretinoin","Hoffmann La Roche Limited","Adverse reactions"
"Adcirca",197483,"tadalafil","Eli Lilly Canada Inc","Warning and Precautions,Consumer information"
"Amerge",195190,"naratriptan HCl","GlaxoSmithKline Inc","Warning and Precautions"
"Apo-Doxy, Apo-Doxy-Tabs",194708,"doxycycline hyclate","Apotex Inc","Contra_indications,Warning and Precautions,Adverse reactions,Drug interactions,Overdosage,Consumer information"
"Arcosyl",197113,"perindopril arginine","Servier Canada Inc","Warning and Precautions,Consumer information"
"Casodex",198469,"bicalutamide","Astrazeneca Canada Inc","Warning and Precautions,Consumer information"
"Cialis",197461,"tadalafil","Eli Lilly Canada Inc","Warning and Precautions,Consumer information"
"Codeine Contin",196233,"codeine sulfate","Purdue Pharma","Contra_indications,Warning and Precautions,Serious warnings,Adverse reactions,Drug interactions,Dosage administration,Overdosage,Consumer information"
"Cubicin",197629,"daptomycin","Cubist Pharmaceuticals LLC","Adverse reactions,Consumer information"
"Cysview",193861,"hexaminolevulinate hydrochloride","Biosyent Pharma Inc","Serious warnings,Dosage administration,Consumer information"
"Daklinza",189820,"daclatasvir","Bristol-Myers Squibb Canada","Contra_indications,Warning and Precautions,Adverse reactions,Drug interactions,Dosage administration,Consumer information"
"Dexilant",194184,"dexlansoprazole","Takeda Canada Inc","Dosage administration,Consumer information"
"Diabeta",197357,"glyburide","Sanofi-Aventis Canada Inc","Warning and Precautions,Adverse reactions,Consumer information"
"Dilaudid HP",195097,"hydromorphone HCl","Purdue Pharma","Contra_indications,Warning and Precautions,Serious warnings,Adverse reactions,Drug interactions,Dosage administration,Overdosage,Consumer information"
"Erivedge",196987,"vismodegib","Hoffmann La Roche Limited","Contra_indications,Warning and Precautions,Serious warnings,Adverse reactions,Consumer information"
"Faslodex",197757,"fulvestrant","Astrazeneca Canada Inc","Warning and Precautions,Adverse reactions,Drug interactions,Dosage administration"
"Fibristal",190760,"ulipristal acetate","Actavis Specialty Pharmaceuticals Co","Warning and Precautions,Adverse reactions,Drug interactions,Dosage administration,Consumer information"
"Flagyl",197442,"metronidazole","Sanofi-Aventis Canada Inc","Warning and Precautions,Adverse reactions,Consumer information"
"Flagystatin",197434,"metronidazole, nystatin","Sanofi-Aventis Canada Inc","Adverse reactions,Consumer information"
"Galexos",190665,"simeprevir","Janssen Inc","Warning and Precautions,Adverse reactions,Drug interactions,Dosage administration,Consumer information"
"Holkira Pak",190518,"ritonavir, paritaprevir, ombitasvir, dasabuvir","Abbvie Corporation","Adverse reactions,Dosage administration,Consumer information"
"Intralipid 10%, Intralipid 20%, Intralipid 30%",196682,"soybean oil","Fresenius Kabi Canada Ltd","Contra_indications,Warning and Precautions,Adverse reactions,Dosage administration,Overdosage"
"Iopidine",197019,"apraclonidine HCl","Alcon Canada Inc","Warning and Precautions,Serious warnings,Adverse reactions,Drug interactions,Dosage administration,Consumer information"
"Losec",197703,"omeprazole, omeprazole magnesium","Astrazeneca Canada Inc","Warning and Precautions,Serious warnings,Drug interactions,Consumer information"
"Marvelon",197331,"desogestrel, ethinyl estradiol","Merck Canada Inc","Warning and Precautions,Drug interactions,Consumer information"
"Mavik",197753,"trandolapril","BGP Pharma ULC","Warning and Precautions,Drug interactions,Consumer information"
"Movantik",193483,"naloxegol","Astrazeneca Canada Inc","Dosage administration,Consumer information"
"Nexium",197707,"esomeprazole","Astrazeneca Canada Inc","Warning and Precautions,Serious warnings,Drug interactions,Consumer information"
"Nuvaring",197333,"ethinyl estradiol, etonogestrel","Merck Canada Inc","Contra_indications,Warning and Precautions,Drug interactions,Consumer information"
"Ofev",196957,"nintedanib","Boehringer Ingelheim (Canada) Ltd Ltee","Adverse reactions,Consumer information"
"Paxil",195493,"paroxetine HCl","GlaxoSmithKline Inc","Warning and Precautions,Consumer information"
"Paxil CR",195495,"paroxetine HCl","GlaxoSmithKline Inc","Warning and Precautions,Consumer information"
"Picato",198249,"ingenol mebutate","Leo Pharma Inc","Warning and Precautions,Adverse reactions,Consumer information"
"Plan B",190655,"levonorgestrel","Teva Branded Pharmaceutical Products R&D Inc","Warning and Precautions,Consumer information"
"Revolade",198151,"eltrombopag olamine","Novartis Pharmaceuticals Canada Inc","Adverse reactions,Consumer information"
"Saphris",190584,"asenapine","Merck Canada Inc","Warning and Precautions,Adverse reactions"
"Signifor Lar",189699,"pasireotide","Novartis Pharmaceuticals Canada Inc","Warning and Precautions,Dosage administration"
"Talwin",195187,"pentazocine HCl","Sanofi-Aventis Canada Inc","Contra_indications,Warning and Precautions,Serious warnings,Adverse reactions,Drug interactions,Dosage administration,Overdosage,Consumer information"
"Technivie",197870,"ritonavir, paritaprevir, ombitasvir","Abbvie Corporation","Contra_indications,Drug interactions"
"Thalomid",198336,"thalidomide","Celgene Inc","Warning and Precautions,Adverse reactions,Consumer information"
"Tobramycin Injection",197545,"tobramycin","Fresenius Kabi Canada Ltd","Warning and Precautions,Serious warnings,Drug interactions,Consumer information"
"Toloxin",196770,"digoxin","Pendopharm Division of Pharmascience Inc","Drug interactions,Consumer information"
"Treanda",188195,"bendamustine hydrochloride","Lundbeck Canada Inc","Warning and Precautions,Adverse reactions,Consumer information"
"Vidaza",197742,"azacitidine","Celgene Corporation","Adverse reactions,Consumer information"
"Vimovo",197709,"naproxen, esomeprazole magnesium trihydrate","Astrazeneca Canada Inc","Warning and Precautions,Serious warnings,Drug interactions,Consumer information"
"Abilify Maintena",188748,"aripiprazole","Otsuka Pharmaceutical Co Ltd","Adverse reactions,Drug interactions,Dosage administration,Consumer information"
"Abstral",194811,"fentanyl citrate","Paladin Labs Inc","Contra_indications,Warning and Precautions,Serious warnings,Adverse reactions,Drug interactions,Dosage administration,Overdosage,Consumer information"
"Cardizem CD",196868,"diltiazem HCl","Valeant Canada LP Valeant Canada S.E.C.","Contra_indications,Adverse reactions,Drug interactions,Overdosage,Consumer information"
"Champix",188898,"varenicline tartrate","Pfizer Canada Inc","Dosage administration,Consumer information"
"Clindets",192195,"clindamycin","GlaxoSmithKline Inc","Warning and Precautions,Consumer information"
"Clozaril",196471,"clozapine","HLS Therapeutics Inc","Warning and Precautions,Adverse reactions"
"Depakene",197328,"valproic acid","BGP Pharma ULC","Warning and Precautions,Serious warnings,Adverse reactions,Drug interactions,Dosage administration,Consumer information"
"Diamicron",197558,"gliclazide","Servier Canada Inc","Warning and Precautions,Drug interactions"
"Diamicron MR",197557,"gliclazide","Servier Canada Inc","Warning and Precautions,Drug interactions,Consumer information"
"Digoxin Injection C.S.D., Pediatric Digoxin Injection C.S.D.",196778,"digoxin","Sandoz Canada Incorporated","Drug interactions,Consumer information"
"Dilaudid",195096,"hydromorphone HCl","Purdue Pharma","Contra_indications,Warning and Precautions,Serious warnings,Adverse reactions,Drug interactions,Dosage administration,Overdosage,Consumer information"
"Eligard",196408,"leuprolide acetate","Sanofi-Aventis Canada Inc","Warning and Precautions,Dosage administration"
"Epival",196507,"divalproex sodium","BGP Pharma ULC","Warning and Precautions,Serious warnings,Adverse reactions,Drug interactions,Dosage administration,Consumer information"
"Fentanyl Citrate Injection USP",194813,"fentanyl citrate","Hospira Healthcare Corporation","Contra_indications,Warning and Precautions,Serious warnings,Adverse reactions,Drug interactions,Dosage administration,Overdosage,Consumer information"
"Fentora",194812,"fentanyl citrate","Teva Canada Limited","Contra_indications,Warning and Precautions,Serious warnings,Adverse reactions,Drug interactions,Dosage administration,Overdosage,Consumer information"
"Forane",194452,"isoflurane","Baxter Corporation","Warning and Precautions,Drug interactions,Dosage administration,Consumer information"
"Holkira PAK",197939,"ritonavir, paritaprevir, ombitasvir, dasabuvir","Abbvie Corporation","Contra_indications,Drug interactions,Dosage administration,Overdosage,Consumer information"
"Invokamet",196792,"metformin HCl, canagliflozin","Janssen Inc","Warning and Precautions,Adverse reactions,Consumer information"
"Invokana",196794,"canagliflozin","Janssen Inc","Adverse reactions,Consumer information"
"Janumet, Janumet XR",189405,"metformin HCl, sitagliptin phosphate monohydrate","Merck Canada Inc","Warning and Precautions,Adverse reactions,Consumer information"
"Januvia",189383,"sitagliptin phosphate monohydrate","Merck Canada Inc","Warning and Precautions,Adverse reactions,Consumer information"
"Juxtapid",194945,"lomitapide mesylate","Aegerion Pharmaceuticals Canada Ltd","Warning and Precautions,Drug interactions,Dosage administration,Consumer information"
"Kuvan",186959,"sapropterin dihydrochloride","Biomarin Pharmaceutical Inc","Adverse reactions,Drug interactions,Dosage administration,Consumer information"
"Lamictal",194353,"lamotrigine","GlaxoSmithKline Inc","Drug interactions"
"Megace OS",195954,"megestrol acetate","Bristol-Myers Squibb Canada","Consumer information"
"Naproxen Liquid Gel Capsules",197381,"naproxen, naproxen sodium","Mcneil Consumer Healthcare Division of Johnson & Johnson Inc","Consumer information"
"Natesto",195395,"testosterone","Acerus Pharmaceuticals SRL","Dosage administration"
"Nucynta IR",195181,"tapentadol hydrochloride","Janssen Inc","Contra_indications,Warning and Precautions,Serious warnings,Adverse reactions,Drug interactions,Dosage administration,Overdosage,Consumer information"
"Oxy.IR",194806,"oxycodone HCl","Purdue Pharma","Contra_indications,Warning and Precautions,Serious warnings,Adverse reactions,Drug interactions,Dosage administration,Overdosage,Consumer information"
"Remeron",193516,"mirtazapine","Merck Canada Inc","Warning and Precautions"
"Remeron RD",193523,"mirtazapine","Merck Canada Inc","Warning and Precautions"
"Rythmodan",196675,"disopyramide","Sanofi-Aventis Canada Inc","Contra_indications,Warning and Precautions,Adverse reactions,Dosage administration,Overdosage"
"Stribild",196911,"emtricitabine, tenofovir disoproxil fumarate, elvitegravir, cobicistat","Gilead Sciences Canada Inc","Warning and Precautions,Consumer information"
"Truvada",196830,"emtricitabine, tenofovir disoproxil fumarate","Gilead Sciences Canada Inc","Contra_indications,Warning and Precautions,Consumer information"
"Viracept",197422,"nelfinavir mesylate","Pfizer Canada Inc","Contra_indications,Warning and Precautions,Drug interactions,Dosage administration,Overdosage,Consumer information"
"Viread",196890,"tenofovir disoproxil fumarate","Gilead Sciences Canada Inc","Warning and Precautions,Consumer information"
"Voltaren Emulgel Joint Pain",196570,"diclofenac diethylamine","GlaxoSmithKline Consumer Healthcare Inc","Contra_indications,Warning and Precautions,Adverse reactions,Overdosage,Consumer information"
"Voltaren Emulgel, Voltaren Emulgel Extra Strength",196568,"diclofenac diethylamine","GlaxoSmithKline Consumer Healthcare Inc","Contra_indications,Warning and Precautions,Adverse reactions,Overdosage,Consumer information"
"Xeljanz",197115,"tofacitinib","Pfizer Canada Inc","Warning and Precautions,Consumer information"
"Xyrem",196511,"sodium oxybate","Valeant Canada LP Valeant Canada S.E.C.","Contra_indications,Warning and Precautions,Adverse reactions,Consumer information"
"Afinitor",188334,"everolimus","Novartis Pharmaceuticals Canada Inc","Warning and Precautions,Serious warnings,Adverse reactions,Consumer information"
"Bosulif",195997,"bosutinib","Pfizer Canada Inc","Warning and Precautions,Adverse reactions,Consumer information"
"Canesten Comfortab 3",188128,"clotrimazole","Bayer Inc Consumer Care","Warning and Precautions,Dosage administration,Consumer information"
"Clasteon",195971,"clodronate disodium","Sunovion Pharmaceuticals Canada Inc","Warning and Precautions,Adverse reactions,Consumer information"
"Clolar",195475,"clofarabine","Sanofi-Aventis Canada Inc","Warning and Precautions,Serious warnings,Adverse reactions,Dosage administration,Consumer information"
"Depo-Medrol (with preservative), Depo-Medrol",193764,"methylprednisolone acetate","Pfizer Canada Inc","Contra_indications,Warning and Precautions,Adverse reactions,Drug interactions,Dosage administration,Overdosage,Consumer information"
"Depo-Medrol with Lidocaine",193798,"lidocaine HCl, methylprednisolone acetate","Pfizer Canada Inc","Contra_indications,Warning and Precautions,Adverse reactions,Drug interactions,Dosage administration,Overdosage,Consumer information"
"Dilantin",196056,"phenytoin sodium","Pfizer Canada Inc","Warning and Precautions,Dosage administration,Consumer information"
"Dilantin - 30 Suspension, Dilantin - 125 Suspension, Dilantin Infatabs",196033,"phenytoin","Pfizer Canada Inc","Warning and Precautions,Dosage administration,Consumer information"
"Edarbyclor",195494,"chlorthalidone, azilsartan medoxomil","Valeant Canada LP Valeant Canada S.E.C.","Contra_indications,Warning and Precautions,Adverse reactions,Drug interactions,Dosage administration,Consumer information"
"Entrophen, Entrophen Chewable, Entrophen 325 mg Tablets, Entrophen 325 mg Caplets",191533,"acetylsalicylic acid","Pendopharm Division of Pharmascience Inc","Dosage administration,Consumer information"
"Extraneal",195522,"calcium chloride, magnesium chloride, sodium chloride, sodium lactate, icodextrin","Baxter Corporation","Drug interactions,Dosage administration,Consumer information"
"Famvir",196268,"famciclovir","Novartis Pharmaceuticals Canada Inc","Adverse reactions,Consumer information"
"Faslodex",195194,"fulvestrant","Astrazeneca Canada Inc","Warning and Precautions,Drug interactions,Consumer information"
"Imbruvica",194722,"ibrutinib","Janssen Inc","Warning and Precautions,Adverse reactions,Consumer information"
"Jardiance",196523,"empagliflozin","Boehringer Ingelheim (Canada) Ltd Ltee","Adverse reactions,Consumer information"
"Keppra",195211,"levetiracetam","UCB Canada Inc","Adverse reactions,Drug interactions,Consumer information"
"Komboglyze",195708,"metformin HCl, saxagliptin","Astrazeneca Canada Inc","Warning and Precautions,Consumer information"
"Lasix Oral Solution",196514,"furosemide","Sanofi-Aventis Canada Inc","Adverse reactions,Consumer information"
"Lasix Special",196515,"furosemide","Sanofi-Aventis Canada Inc","Adverse reactions,Consumer information"
"Metvix",193502,"methyl aminolevulinate hydrochloride","Galderma Canada Inc","Warning and Precautions,Adverse reactions,Consumer information"
"Nighttime Cold, Cough And Flu",192563,"diphenhydramine HCl, ibuprofen","Apotex Inc","Consumer information"
"Novo-Salbutamol HFA",189999,"salbutamol sulfate","Teva Canada Limited","Contra_indications,Warning and Precautions,Adverse reactions,Dosage administration,Overdosage,Consumer information"
"Onglyza",195704,"saxagliptin","Astrazeneca Canada Inc","Warning and Precautions,Consumer information"
"Pomalyst",195645,"pomalidomide","Celgene Inc","Warning and Precautions,Adverse reactions,Consumer information"
"Prefesta",194575,"estradiol, norgestimate","Searchlight Pharma Inc","Warning and Precautions,Adverse reactions,Consumer information"
"Reyataz",196912,"atazanavir sulfate","Bristol-Myers Squibb Canada","Warning and Precautions"
"Sandostatin LAR",196642,"octreotide acetate","Novartis Pharmaceuticals Canada Inc","Dosage administration,Consumer information"
"Seebri Breezhaler",196095,"glycopyrronium bromide","Novartis Pharmaceuticals Canada Inc","Adverse reactions,Consumer information"
"Solu-Medrol",194272,"methylprednisolone hemisuccinate","Pfizer Canada Inc","Contra_indications,Warning and Precautions,Adverse reactions,Drug interactions,Dosage administration,Overdosage,Consumer information"
"Tecfidera",196304,"dimethyl fumarate","Biogen Canada Inc","Warning and Precautions,Adverse reactions,Drug interactions,Overdosage"
"Thalomid",180988,"thalidomide","Celgene Inc","Warning and Precautions,Adverse reactions,Dosage administration"
"Travatan Z",196444,"travoprost","Alcon Canada Inc","Warning and Precautions,Adverse reactions,Dosage administration,Overdosage,Consumer information"
"Vfend",196793,"voriconazole","Pfizer Canada Inc","Adverse reactions"
"Voltaren Ophtha",193966,"diclofenac sodium","Alcon Canada Inc","Warning and Precautions,Serious warnings,Adverse reactions,Consumer information"
"Vyvanse",181720,"lisdexamfetamine dimesylate","Shire Pharma Canada ULC","Warning and Precautions,Adverse reactions,Dosage administration,Consumer information"
"Xtandi",188577,"enzalutamide","Astellas Pharma Canada Inc","Warning and Precautions,Drug interactions,Dosage administration,Consumer information"
"Yondelis",194563,"trabectedin","Janssen Inc","Adverse reactions,Consumer information"
"Zydelig",194004,"idelalisib","Gilead Sciences Canada Inc","Contra_indications,Warning and Precautions,Serious warnings,Adverse reactions,Dosage administration,Consumer information"
"Zykadia",194492,"ceritinib","Novartis Pharmaceuticals Canada Inc","Drug interactions"
"Avelox, Avelox IV",194225,"Moxifloxacin Hydrochloride","Bayer Inc","Warning and Precautions,Dosage administration"
"Azopt",195439,"Brinzolamide","Alcon Canada Inc","Consumer information"
"Butrans",194686,"Buprenorphine","Purdue Pharma","Adverse reactions"
"Cardura",195152,"Doxazosin Mesylate","Pfizer Canada Inc","Contra_indications,Warning and Precautions,Adverse reactions,Consumer information"
"Ciprodex",195747,"Dexamethasone, Ciprofloxacin","Alcon Canada Inc","Contra_indications,Warning and Precautions"
"Copaxone",186047,"Glatiramer Acetate","Teva Canada Limited","Warning and Precautions,Adverse reactions,Dosage administration,Overdosage,Consumer information"
"Coversyl Plus",187041,"Perindopril Erbumine, Indapamide","Servier Canada Inc","Adverse reactions,Consumer information"
"Cytosar",194840,"Cytarabine","Pfizer Canada Inc","Dosage administration"
"Entresto",195332,"Valsartan, Sacubitril","Novartis Pharmaceuticals Canada Inc","Dosage administration,Overdosage,Consumer information"
"Estragyn Vaginal Cream",195579,"Estrone","Searchlight Pharma Inc","Consumer information"
"Evotaz",195706,"Atazanavir Sulfate, Cobicistat","Bristol-Myers Squibb Canada","Contra_indications,Warning and Precautions,Drug interactions,Consumer information"
"Ferrlecit",195206,"Sodium Ferric Gluconate Complex in Sucrose Injection","Sanofi-Aventis Canada Inc","Warning and Precautions,Adverse reactions"
"Flonase",194417,"Fluticasone Propionate","Glaxosmithkline Inc","Warning and Precautions,Adverse reactions,Dosage administration,Consumer information"
"Forxiga",194091,"Dapagliflozin","AstraZeneca Canada Inc","Warning and Precautions,Serious warnings,Adverse reactions,Consumer information"
"Giotrif",187656,"Afatinib","Boehringer Ingelheim (Canada) Ltd Ltee","Warning and Precautions,Serious warnings,Adverse reactions,Consumer information"
"Gleevec",195215,"Imatinib Mesylate","Novartis Pharmaceuticals Canada Inc","Warning and Precautions,Adverse reactions,Consumer information"
"Inomax",195633,"Nitric Oxide","INO Therapeutics","Warning and Precautions,Dosage administration,Consumer information"
"Invokana",194078,"Canagliflozin","Janssen Inc","Warning and Precautions,Serious warnings,Adverse reactions,Consumer information"
"Jardiance",194090,"Empagliflozin","Boehringer Ingelheim (Canada) Ltd Ltee","Warning and Precautions,Serious warnings,Adverse reactions,Consumer information"
"Lenvima",194919,"Lenvatinib Mesylate","Eisai Limited","Warning and Precautions,Adverse reactions,Consumer information"
"Lescol, Lescol XL",195234,"Fluvastatin Sodium","Novartis Pharmaceuticals Canada Inc","Warning and Precautions,Adverse reactions,Consumer information"
"Medrol",193759,"Methylprednisolone","Pfizer Canada Inc","Warning and Precautions,Adverse reactions,Drug interactions,Dosage administration,Consumer information"
"Mefloquine",192237,"Mefloquine HCl","AA Pharma Inc","Warning and Precautions,Serious warnings,Adverse reactions,Drug interactions,Overdosage,Consumer information"
"Monurol",193809,"Fosfomycin Tromethamine","Paladin Labs Inc","Consumer information"
"Norvasc",195429,"Amlodipine Besylate","Pfizer Canada Inc","Warning and Precautions"
"Pradaxa",194941,"Dabigatran Etexilate","Boehringer Ingelheim (Canada) Ltd Ltee","Warning and Precautions,Overdosage,Consumer information"
"Prezista",188263,"Darunavir Ethanolate","Janssen Inc","Warning and Precautions,Adverse reactions,Drug interactions,Dosage administration,Consumer information"
"Prinivil",194510,"Lisinopril","Merck Canada Inc","Consumer information"
"Pristiq",194783,"Desvenlafaxine Succinate","Pfizer Canada Inc","Warning and Precautions,Adverse reactions,Consumer information"
"Prometrium",194573,"Progesterone","Merck Canada Inc","Contra_indications,Warning and Precautions,Consumer information"
"Sensipar",194491,"Cinacalcet Hydrochloride","Amgen Canada Inc","Warning and Precautions,Consumer information"
"Signifor LAR",194062,"Pasireotide","Novartis Pharmaceuticals Canada Inc","Warning and Precautions,Dosage administration,Consumer information"
"Singulair",195377,"Montelukast Sodium","Merck Canada Inc","Adverse reactions,Consumer information"
"Solu-Medrol, Solu-Medrol Act-O-Vials",195651,"Methylprednisolone Sodium Succinate","Pfizer Canada Inc","Contra_indications,Warning and Precautions,Dosage administration,Consumer information"
"Sprycel",195287,"Dasatinib","Bristol-Myers Squibb Canada","Warning and Precautions,Adverse reactions,Consumer information"
"Symbicort Turbuhaler",194760,"Budesonide, Formoterol Fumarate Dihydrate","AstraZeneca Canada Inc","Warning and Precautions,Consumer information"
"Tasigna",195243,"Nilotinib","Novartis Pharmaceuticals Canada Inc","Warning and Precautions,Adverse reactions,Consumer information"
"Xalatan",195072,"Latanoprost","Pfizer Canada Inc","Adverse reactions,Consumer information"
"Xeloda",194861,"Capecitabine","Hoffmann-La Roche Limited","Warning and Precautions,Consumer information"
"Xigduo",194093,"Metformin HCl, Dapagliflozin","AstraZeneca Canada Inc","Warning and Precautions,Serious warnings,Adverse reactions,Consumer information"
"Zerbaxa",195705,"Tazobactam Sodium, Ceftolozane Sulfate","Merck Canada Inc","Adverse reactions,Consumer information"
"Zoladex, Zoladex LA",194119,"Goserelin Acetate","AstraZeneca Canada Inc","Warning and Precautions,Drug interactions,Consumer information"
"Zometa Concentrate",194820,"Zoledronic Acid","Novartis Pharmaceuticals Canada Inc","Warning and Precautions,Adverse reactions,Consumer information"
"Zyban",194844,"Bupropion HCl","Valeant Canada LP Valeant Canada S.E.C.","Warning and Precautions,Adverse reactions,Drug interactions,Consumer information"
"Zytiga",191178,"Abiraterone Acetate","Janssen Inc","Dosage administration,Consumer information"
"Adalat XL",194331,"Nifedipine","Bayer Inc","Contra_indications,Warning and Precautions,Dosage administration,Consumer information"
"Allegra-D",194147,"Pseudoephedrine HCl, Fexofenadine HCl","Sanofi-Aventis Canada Inc","Adverse reactions"
"Bactroban",194465,"Mupirocin","GlaxoSmithKline Consumer Healthcare Inc","Contra_indications,Warning and Precautions,Dosage administration,Consumer information"
"Bactroban Cream",194464,"Mupirocin","GlaxoSmithKline Consumer Healthcare Inc","Contra_indications,Warning and Precautions,Dosage administration,Consumer information"
"Caelyx",194526,"Doxorubicin HCl","Janssen Inc","Warning and Precautions,Consumer information"
"Caprelsa",194111,"Vandetanib","Astrazeneca Canada Inc","Warning and Precautions,Adverse reactions"
"Celebrex",187485,"Celecoxib","Pfizer Canada Inc","Warning and Precautions,Serious warnings,Adverse reactions,Dosage administration,Consumer information"
"Cisplatin Injection",194668,"Cisplatin","Hospira Healthcare Corporation","Warning and Precautions,Serious warnings,Adverse reactions,Drug interactions"
"Claritin Kids",190569,"Loratadine","Bayer Inc Consumer Care","Consumer information"
"Complera",194358,"Emtricitabine, Tenofovir Disoproxil Fumarate, Rilpivirine Hydrochloride","Gilead Sciences Canada Inc","Drug interactions,Consumer information"
"Conray 30, Conray 43, Conray 60",195030,"Iothalamate Meglumine","Leiner Health Products Inc, Liebel-Flarsheim Canada Inc","Warning and Precautions,Adverse reactions"
"Cymbalta",192853,"Duloxetine HCl","Eli Lilly Canada Inc","Contra_indications,Warning and Precautions"
"Diamicron",193245,"Gliclazide","Servier Canada Inc","Warning and Precautions,Adverse reactions,Drug interactions,Consumer information"
"Diamicron MR",193244,"Gliclazide","Servier Canada Inc","Warning and Precautions,Adverse reactions,Drug interactions,Consumer information"
"Effexor XR",192644,"Venlafaxine HCl","Pfizer Canada Inc","Warning and Precautions,Consumer information"
"Exelon",194254,"Rivastigmine Hydrogen Tartrate","Novartis Pharmaceuticals Canada Inc","Adverse reactions"
"Exelon Patch",194302,"Rivastigmine","Novartis Pharmaceuticals Canada Inc","Adverse reactions,Consumer information"
"Flarex",193208,"Fluorometholone Acetate","Alcon Canada Inc","Warning and Precautions,Consumer information"
"Heptovir",196237,"Lamivudine","GlaxoSmithKline Inc","Consumer information"
"HP-Pac",194123,"Amoxicillin, Clarithromycin, Lansoprazole","Takeda Pharmaceuticals America Inc","Contra_indications,Drug interactions,Consumer information"
"Imbruvica",190730,"Ibrutinib","Janssen Inc","Warning and Precautions,Adverse reactions,Overdosage,Consumer information"
"Jadenu",194378,"Deferasirox","Novartis Pharmaceuticals Canada Inc","Warning and Precautions,Adverse reactions,Consumer information"
"Janumet, Janumet XR",195266,"Metformin HCl, Sitagliptin","Merck Canada Inc","Adverse reactions,Consumer information"
"Januvia",195337,"Sitagliptin Phosphate Monohydrate","Merck Canada Inc","Adverse reactions,Consumer information"
"Jardiance",190736,"Empagliflozin","Boehringer Ingelheim (Canada) Ltd Ltee","Warning and Precautions,Adverse reactions,Consumer information"
"Kaletra",187436,"Ritonavir, Lopinavir","Abbvie Corporation","Contra_indications,Warning and Precautions,Adverse reactions,Drug interactions,Dosage administration,Consumer information"
"Lasix Oral Solution",193797,"Furosemide","Sanofi-Aventis Canada Inc","Adverse reactions,Consumer information"
"Lasix Special",193757,"Furosemide","Sanofi-Aventis Canada Inc","Adverse reactions,Consumer information"
"Losec",194504,"Omeprazole, Omeprazole Magnesium","AstraZeneca Canada Inc","Warning and Precautions,Overdosage,Consumer information"
"Luvox",192638,"Fluvoxamine Maleate","BGP Pharma ULC","Warning and Precautions,Consumer information"
"Mepron",188021,"Atovaquone","GlaxoSmithKline Inc","Warning and Precautions"
"Methotrexate",186635,"Methotrexate Sodium","Pfizer Canada Inc","Contra_indications,Warning and Precautions,Adverse reactions,Drug interactions,Dosage administration,Consumer information"
"Nitroglycerin in 5% Dextrose Injection",192761,"Nitroglycerin, Dextrose Anhydrous","Baxter Corporation","Contra_indications,Warning and Precautions,Adverse reactions,Drug interactions,Dosage administration,Overdosage"
"Norvir",187473,"Ritonavir","Abbvie Corporation","Contra_indications,Warning and Precautions,Adverse reactions,Drug interactions,Dosage administration,Consumer information"
"Pediapred",194274,"Prednisolone Phosphate Sodium","Sanofi-Aventis Canada Inc","Contra_indications,Warning and Precautions,Adverse reactions,Consumer information"
"Pediapred",194862,"Prednisolone Sodium Phosphate","Sanofi-Aventis Canada Inc","Contra_indications,Warning and Precautions,Drug interactions,Dosage administration,Consumer information"
"Pepcid Complete",194117,"Calcium Carbonate, Famotidine, Magnesium Hydroxide","McNeil Consumer Healthcare Division of Johnson & Johnson Inc","Drug interactions,Consumer information"
"Pristiq",192643,"Desvenlafaxine Succinate","Pfizer Canada Inc","Warning and Precautions,Consumer information"
"Prozac",192639,"Fluoxetine HCl","Eli Lilly Canada Inc","Warning and Precautions,Consumer information"
"Reactine Complete",192151,"Cetirizine Hydrochloride, Pseudoephedrine HCl","McNeil Consumer Healthcare Division of Johnson & Johnson Inc","Warning and Precautions,Adverse reactions,Dosage administration,Consumer information"
"Revolade",194226,"Eltrombopag Olamine","Novartis Pharmaceuticals Canada Inc","Warning and Precautions,Adverse reactions,Drug interactions,Consumer information"
"Saphris",186897,"Asenapine","Merck Canada Inc","Warning and Precautions,Adverse reactions,Dosage administration,Consumer information"
"Selexid",178013,"Pivmecillinam HCl","Leo Pharma Inc","Contra_indications,Warning and Precautions,Adverse reactions,Drug interactions,Dosage administration,Overdosage,Consumer information"
"Sovaldi",192837,"Sofosbuvir","Gilead Sciences Canada Inc","Warning and Precautions,Consumer information"
"Staxyn",195312,"Vardenafil Hydrochloride","Bayer Inc","Contra_indications,Warning and Precautions,Drug interactions,Dosage administration,Consumer information"
"Striverdi Respimat",191601,"Olodaterol Hydrochloride","Boehringer Ingelheim (Canada) Ltd Ltee","Consumer information"
"Tarceva",194541,"Erlotinib Hydrochloride","Hoffmann-La Roche Limited","Dosage administration,Consumer information"
"Tenoretic",190685,"Atenolol, Chlorthalidone","AstraZeneca Canada Inc","Drug interactions,Consumer information"
"Tenormin",190682,"Atenolol","AstraZeneca Canada Inc","Drug interactions,Consumer information"
"Tobradex",194015,"Dexamethasone, Tobramycin","Alcon Canada Inc","Contra_indications,Warning and Precautions,Adverse reactions"
"Trelstar",189866,"Triptorelin Pamoate","Allergan Pharma Co.","Dosage administration,Consumer information"
"Trosec",193424,"Trospium Chloride","Sunovion Pharmaceuticals Canada Inc","Adverse reactions,Consumer information"
"Yondelis",193606,"Trabectedin","Janssen Inc","Warning and Precautions,Adverse reactions,Dosage administration,Consumer information"
"Zantac Tab 75 mg, Zantac Maximum Strength Non-Prescription Tablets",194126,"Ranitidine HCl","McNeil Consumer Healthcare Division of Johnson & Johnson Inc","Drug interactions,Consumer information"
"Zepatier",193658,"Grazoprevir, Elbasvir","Merck Canada Inc","Contra_indications,Adverse reactions,Drug interactions,Consumer information"
"Zithromax",192780,"Azithromycin Dihydrate","Pfizer Canada Inc","Warning and Precautions,Adverse reactions,Consumer information"
"Zoloft",192642,"Sertraline HCl","Pfizer Canada Inc","Warning and Precautions,Consumer information"
"Zyban",192854,"Bupropion HCl","Valeant Canada LP Valeant Canada S.E.C.","Warning and Precautions,Consumer information"
